Country_Period,Correlation_with_Chile,Chile_Period
Costa Rica_19,0.9206121425677405,Chile_19
Iceland_20,0.9042578901711091,Chile_20
Norway_20,0.9072838898634686,Chile_20
Spain_20,0.9401791064185246,Chile_20
United Kingdom_20,0.9025742838369418,Chile_20
Germany_21,0.9063429219730502,Chile_21
Iceland_21,0.9143867018874525,Chile_21
Netherlands_21,0.908450873631933,Chile_21
