Cluster,Country_Period,Chile_Period,Correlation_with_Chile
0,Costa Rica_19,Chile_19,0.9206121425677405
2,Iceland_20,Chile_20,0.9042578901711091
1,Norway_20,Chile_20,0.9072838898634686
1,Spain_20,Chile_20,0.9401791064185246
1,United Kingdom_20,Chile_20,0.9025742838369418
3,Germany_21,Chile_21,0.9063429219730502
3,Iceland_21,Chile_21,0.9143867018874525
3,Netherlands_21,Chile_21,0.908450873631933
